{"コスト": {"削減": 0.6924192905426025, "TCO": 0.6458251476287842, "工数": 0.6215368509292603, "費用": 0.5897150635719299, "環境負荷": 0.5675351619720459, "生産性": 0.5560309886932373, "コストダウン": 0.5538554191589355, "人件費": 0.5449016094207764, "労力": 0.5441684722900391, "メリット": 0.537116527557373, "大幅": 0.5333486795425415, "経費": 0.5280798673629761, "納期": 0.523257851600647, "設備投資": 0.5152038335800171, "リスク": 0.5120187997817993, "原価": 0.5026919841766357, "消費電力": 0.49220603704452515, "手間": 0.48633337020874023, "低減": 0.48508673906326294, "保守": 0.48501282930374146, "利点": 0.4763549566268921, "スケーラビリティ": 0.4723108410835266, "リードタイム": 0.4695439338684082, "投資": 0.4625430107116699, "最小限": 0.459617555141449, "貢献": 0.45763492584228516, "負荷": 0.45595911145210266, "トータル": 0.4520210027694702, "デメリット": 0.45118188858032227, "軽減": 0.4496361017227173, "自動化": 0.44724148511886597, "負担": 0.4451981484889984, "目標": 0.44500258564949036, "高まり": 0.444914311170578, "かかる": 0.44460833072662354, "アウトソーシング": 0.44429686665534973, "パフォーマンス": 0.4430118203163147, "将来": 0.4382946491241455, "利便性": 0.4360926151275635, "費用対効果": 0.4351971745491028, "継続的": 0.432952344417572, "減らし": 0.43099942803382874, "運用": 0.4298178553581238, "収益": 0.4278058409690857, "ワークロード": 0.42546477913856506, "劇的": 0.42308366298675537, "向上": 0.4172947108745575, "予算": 0.4152076840400696, "機会損失": 0.4140686094760895, "単価": 0.413991779088974, "電力消費": 0.41388458013534546, "ランニングコスト": 0.4123055636882782, "難易度": 0.41138148307800293, "短縮": 0.41045695543289185, "外注": 0.406913697719574, "減らす": 0.4066714942455292, "付加価値": 0.4062657058238983, "利益": 0.40512436628341675, "稼働率": 0.4040396809577942, "イニシャルコスト": 0.40393513441085815, "インフラストラクチャ": 0.40013593435287476, "従来": 0.3990984857082367, "データセンター": 0.3985233008861542, "効率": 0.3976660370826721, "スループット": 0.39707285165786743, "掛かる": 0.39483824372291565, "実現": 0.3934427797794342, "最大限": 0.39324721693992615, "縮小": 0.39241498708724976, "図り": 0.38877302408218384, "抑え": 0.388358473777771, "課題": 0.3837917447090149, "サーバ": 0.38338202238082886, "顧客": 0.38301196694374084, "水準": 0.3823012113571167, "ライフサイクル": 0.3821720480918884, "省エネ": 0.3818814754486084, "節約": 0.3815494179725647, "自由度": 0.38014209270477295, "寿命": 0.3794814646244049, "既存": 0.37871962785720825, "CO2": 0.3777461647987366, "差別化": 0.3758336007595062, "容易": 0.37521132826805115, "収益性": 0.3743896484375, "売上": 0.3739422559738159, "達成": 0.3715308904647827, "節減": 0.3692142963409424, "低価格": 0.36674922704696655, "スピード": 0.36553245782852173, "レベル": 0.3643638491630554, "価格": 0.3638575077056885, "余裕": 0.3633875846862793, "作業時間": 0.3627097010612488, "試算": 0.3624877631664276, "投資額": 0.3621915578842163, "有る": 0.36084359884262085, "性能": 0.36048367619514465, "企業": 0.3602313995361328, "NOx": 0.36011362075805664, "競争力": 0.3595772981643677, "ストレージ": 0.3594580292701721, "集中": 0.3594246506690979, "上がる": 0.3590050935745239, "キャッシュフロー": 0.35687851905822754, "在院": 0.3566640317440033, "在庫": 0.3556983470916748, "コストパフォーマンス": 0.3550812602043152, "デュレーション": 0.35336577892303467, "図れる": 0.353290855884552, "長期": 0.3532600998878479, "ERP": 0.35281309485435486, "可用性": 0.35273975133895874, "最適化": 0.3523380160331726, "進捗管理": 0.35181671380996704, "見積り": 0.351615846157074}}