{"セキュリティ": {"セキュリティー": 0.6003848314285278, "ネットワークセキュリティ": 0.5554913282394409, "ファイアウォール": 0.527999758720398, "プロテクション": 0.5236539840698242, "対策": 0.5177700519561768, "セキュリティポリシー": 0.5044538378715515, "アンチウイルス": 0.4801988899707794, "アクセス制御": 0.47361886501312256, "暗号化": 0.4697510302066803, "カスペルスキー": 0.46964722871780396, "UTM": 0.4590669274330139, "エンド": 0.4560152292251587, "ウイルス対策": 0.45141926407814026, "ニフティ": 0.4451802968978882, "WAPPLES": 0.445064902305603, "スパイウェア": 0.4425022006034851, "Security": 0.4384284019470215, "情報セキュリティ": 0.4302343726158142, "保護": 0.4277476370334625, "WAF": 0.4268295168876648, "トレンドマイクロ": 0.4236859083175659, "プロアクティブ": 0.4144899249076843, "脅威": 0.4136679172515869, "AVG": 0.40927693247795105, "マカフィー": 0.40688908100128174, "Intune": 0.4054604172706604, "安全性": 0.4013425409793854, "強化": 0.39858919382095337, "ンタ": 0.3958356976509094, "Kaspersky": 0.3948811888694763, "ノートン": 0.3931000828742981, "プロダクト": 0.3918353319168091, "レノボ": 0.3887477517127991, "ポリシー": 0.387220174074173, "常時接続": 0.3853311240673065, "すかいらーく": 0.38489413261413574, "シスコ": 0.38416650891304016, "生体認証": 0.3834880590438843, "メールアーカイブ": 0.3828423321247101, "可用性": 0.38191133737564087, "コンプライアンス": 0.3818170428276062, "エフセキュア": 0.38159632682800293, "スイート": 0.3809385299682617, "フィッシング": 0.3807709217071533, "FFRI": 0.3792908191680908, "エクスペリエンス": 0.37885940074920654, "デリ": 0.37881457805633545, "刷新": 0.3785267770290375, "インターネット": 0.3769131600856781, "ゲートウェイ": 0.37480801343917847, "ソリューション": 0.37446990609169006, "Agentless": 0.37337929010391235, "クラウドコンピューティング": 0.3726538121700287, "ホスティング": 0.370374470949173, "フィルタリング": 0.37018537521362305, "Lookout": 0.370141863822937, "仮想化": 0.37004074454307556, "統合脅威管理": 0.36960655450820923, "Internet": 0.36939290165901184, "モバイル": 0.36819976568222046, "インフラ": 0.36785081028938293, "IPS": 0.3676937222480774, "Panda": 0.36600974202156067, "PKI": 0.3656318187713623, "Zabbix": 0.3639320731163025, "ぜい弱性": 0.36370980739593506, "監視": 0.3634680509567261, "高可用性": 0.3627951741218567, "アプライアンス": 0.3616448640823364, "情報漏洩": 0.36053764820098877, "クラウド": 0.36006084084510803, "レピュテーション": 0.35944682359695435, "IAM": 0.3587713837623596, "OpenCms": 0.3587185740470886, "仮想アプライアンス": 0.3578656315803528, "スケーラビリティ": 0.3578449487686157, "Opentone": 0.35751381516456604, "スパム": 0.35713982582092285, "ベスト": 0.3569517731666565, "AntiVir": 0.3558689057826996, "業界標準": 0.355710506439209, "インターネット接続": 0.35547560453414917, "IIJ": 0.35302698612213135, "処方箋": 0.3528601825237274, "利便性": 0.35213470458984375, "ファイルサーバー": 0.3511519432067871, "セコム": 0.35039210319519043, "ランサムウェア": 0.3501574993133545, "スマートデバイス": 0.34987902641296387, "モトローラ": 0.3493945002555847, "インフラストラクチャ": 0.34908050298690796, "Endpoints": 0.34871864318847656, "キーロガー": 0.3482772707939148, "セキュア": 0.34798896312713623, "秘文": 0.3479887545108795, "ウイルスバスター": 0.3464614152908325, "運用": 0.3462408483028412, "CMS": 0.34552356600761414, "Integrity": 0.3451017737388611, "EMC": 0.34486111998558044, "シグネチャ": 0.34363648295402527, "リプレース": 0.34272444248199463, "Secure": 0.3420659899711609, "ネットワーク": 0.3418055772781372, "SMB": 0.3401259183883667, "データセンター": 0.33834052085876465, "機密": 0.33814486861228943, "コントロール": 0.3378167748451233, "パーソナルファイアウォール": 0.33775031566619873, "健全性": 0.33689290285110474, "防御": 0.33583468198776245, "アクセシビリティ": 0.3346867561340332, "VPN": 0.33306342363357544, "ウイルスチェック": 0.33211034536361694, "クライアント": 0.33196794986724854, "TLS": 0.331620454788208, "フィッシング詐欺": 0.3306806683540344, "VDI": 0.3298813998699188}}