{"使用性": {"Reliability": 0.6677570343017578, "reliability": 0.6620994806289673, "Usability": 0.6473897695541382, "portability": 0.6102012395858765, "Functionality": 0.5952956080436707, "ソフトウェア品質": 0.5911532640457153, "RASIS": 0.5836198925971985, "ユーザビリティテスト": 0.5593206286430359, "functionality": 0.5504401922225952, "ユーザビリティ": 0.5501061677932739, "合目的": 0.5458025336265564, "Supportability": 0.5383620858192444, "適法性": 0.5382400155067444, "compliance": 0.5269832611083984, "Requirements": 0.5219318270683289, "li": 0.5152726173400879, "可用性": 0.5086759924888611, "ソフトウェアアーキテクチャ": 0.497333288192749, "Requirement": 0.4908798933029175, "品質": 0.48303329944610596, "Quality": 0.4798821806907654, "オーバーライド": 0.4783003330230713, "POSA": 0.47595712542533875, "拡張性": 0.47392621636390686, "要求仕様": 0.46174514293670654, "justify": 0.45004937052726746, "使い勝手": 0.4490026831626892, "度合い": 0.4480324983596802, "FURPS": 0.44612935185432434, "ディペンダビリティ": 0.44462525844573975, "align": 0.443509042263031, "FMEA": 0.4409712851047516, "ステレオタイプ": 0.4404580593109131, "論証": 0.4382997155189514, "非機能要件": 0.4379553198814392, "metrics": 0.43472743034362793, "quality": 0.4332653284072876, "usability": 0.4329361319541931, "Quaity": 0.42997246980667114, "単体テスト": 0.4284319281578064, "正当性": 0.42645323276519775, "characteristic": 0.4264529049396515, "回帰テスト": 0.42540252208709717, "ネスト": 0.42379030585289, "安全性": 0.42158716917037964, "スコープ": 0.4213123917579651, "品質保証": 0.4182626008987427, "適合": 0.41606026887893677, "ASIL": 0.41576290130615234, "一貫性": 0.41370081901550293, "IDT": 0.4121696650981903, "ゼネラル": 0.4118127226829529, "Lokad": 0.41127634048461914, "SysML": 0.40796536207199097, "明確化": 0.40656447410583496, "搬性": 0.40512338280677795, "真正性": 0.4034680128097534, "品質マネジメントシステム": 0.40320929884910583, "システムテスト": 0.40304991602897644, "設計書": 0.4027547240257263, "MIA": 0.39878714084625244, "efficiency": 0.3976007103919983, "リハーサル": 0.3975886404514313, "紛らわしい": 0.3965636193752289, "SRS": 0.39609354734420776, "nce": 0.39382708072662354, "実現性": 0.39342379570007324, "proper": 0.39245885610580444, "POSIX": 0.3916015923023224, "汎用性": 0.38974547386169434, "充足": 0.3893034756183624, "performa": 0.38922998309135437, "ローディング": 0.38918548822402954, "書き方": 0.38502007722854614, "JIS": 0.3850153386592865, "オブジェクト指向": 0.38412511348724365, "テスト自動化": 0.38395699858665466, "性能": 0.3838045001029968, "要件": 0.3831108510494232, "Availability": 0.38273417949676514, "知識体系": 0.3825565576553345, "仕様書": 0.38232186436653137, "requirements": 0.38220328092575073, "定義書": 0.38107943534851074, "equals": 0.38019609451293945, "ユースケース": 0.3801876902580261, "過飽和": 0.3800732493400574, "フォールトトレランス": 0.3799092173576355, "根底": 0.37971925735473633, "ビリティ": 0.37959998846054077, "生産計画": 0.3787631094455719, "エコロジー": 0.3780896067619324, "MTTR": 0.37796396017074585, "リファクタリング": 0.3779154419898987, "巧緻": 0.3777177035808563, "Level": 0.37728434801101685, "winAMS": 0.37699103355407715, "構成管理": 0.37679553031921387, "漏れ": 0.3764818012714386, "テストケース": 0.3760245144367218, "SWEBOK": 0.37552571296691895, "品質評価": 0.3750717341899872, "站會": 0.3726518750190735, "objectives": 0.37128955125808716, "欲望": 0.3707287311553955, "表記法": 0.36966848373413086, "偏見": 0.36838218569755554, "WII": 0.36769068241119385}}