{"保守性": {"拡張性": 0.7424253821372986, "可用性": 0.7234859466552734, "reliability": 0.7023388743400574, "Reliability": 0.695195198059082, "Supportability": 0.6306595802307129, "エコロジー": 0.6142286062240601, "portability": 0.6069605350494385, "RASIS": 0.588525116443634, "li": 0.5652519464492798, "Usability": 0.5633638501167297, "適法性": 0.5625127553939819, "ユーザビリティ": 0.5593563318252563, "MTTR": 0.5560146570205688, "キャパシティ": 0.5550594329833984, "性能": 0.5090701580047607, "構成要件": 0.5035488605499268, "運用": 0.4926672577857971, "compliance": 0.49242207407951355, "ソフトウェア品質": 0.4869841933250427, "度合い": 0.48499178886413574, "沒機": 0.4829410910606384, "合目的": 0.4827430844306946, "搬性": 0.4821566045284271, "精神遅滞": 0.48088642954826355, "再利用": 0.47040224075317383, "整合性": 0.46596747636795044, "適格": 0.46596142649650574, "Requirements": 0.4651155471801758, "保守": 0.4646008610725403, "Requirement": 0.46153539419174194, "Integrity": 0.4598928689956665, "障害": 0.45926451683044434, "フォールトトレランス": 0.45782357454299927, "Functionality": 0.45416975021362305, "MTBF": 0.4528021812438965, "巧緻": 0.44991451501846313, "立証": 0.4482867121696472, "外的": 0.44816330075263977, "回帰テスト": 0.4471014440059662, "Quality": 0.4468991756439209, "やす": 0.44570350646972656, "ストレステスト": 0.44436001777648926, "欠如": 0.443115234375, "保全": 0.43890273571014404, "応答時間": 0.43542319536209106, "ユーザビリティテスト": 0.4345654845237732, "オーバーライド": 0.4345651865005493, "安全性": 0.43297669291496277, "要件": 0.43189913034439087, "虚血": 0.4289746880531311, "許容": 0.4272533357143402, "ステレオタイプ": 0.42654168605804443, "nce": 0.425656795501709, "品質": 0.424884557723999, "非機能要件": 0.4245677888393402, "ハイパーバイザ": 0.42454707622528076, "トレードオフ": 0.42439502477645874, "ハードウエア": 0.4242441952228546, "五花八門的原因讓許多人望外語而卻步": 0.4240122437477112, "一貫性": 0.42390304803848267, "正当性": 0.42238783836364746, "functionality": 0.42045027017593384, "Availability": 0.42019549012184143, "情報システム": 0.41740959882736206, "99.9%": 0.4172094464302063, "FMEA": 0.4156538248062134, "performa": 0.41476356983184814, "健全性": 0.41353970766067505, "即応": 0.4094430208206177, "特性": 0.4092267155647278, "SLA": 0.40920644998550415, "高可用性": 0.4091586172580719, "単体テスト": 0.4080616235733032, "耐震": 0.4062988758087158, "介在": 0.4052387773990631, "故障モード": 0.4043445885181427, "アウトプット": 0.40285950899124146, "スケーラビリティ": 0.4027974605560303, "紀太": 0.4023701548576355, "usability": 0.4015474021434784, "尺度": 0.4010799527168274, "ディペンダビリティ": 0.4004479646682739, "吸湿": 0.40020817518234253, "justify": 0.3995613157749176, "下位互換": 0.3988729417324066, "POSA": 0.39821529388427734, "明確化": 0.39726942777633667, "リレーションシップ": 0.3962738811969757, "羽毛": 0.39605680108070374, "Performa": 0.395954430103302, "リスク分析": 0.39501506090164185, "WAF": 0.39397647976875305, "Anja": 0.393487811088562, "ヨーロピアン": 0.391880065202713, "リハーサル": 0.390363484621048, "欠陥": 0.3901779353618622, "quality": 0.38877052068710327, "漏れ": 0.38823774456977844, "適合": 0.3877115845680237, "FURPS": 0.38706350326538086, "Triple": 0.3862795829772949, "制約": 0.38614726066589355, "透水": 0.386002779006958, "投資効果": 0.3855011463165283, "品質保証": 0.3848257064819336, "定義": 0.38470903038978577, "QoS": 0.3846597671508789, "efficiency": 0.3846459984779358, "characteristic": 0.3846268653869629, "構成管理": 0.3840840458869934, "environment": 0.3832918703556061, "重視": 0.38306760787963867}}