{"信頼性": {"reliability": 0.6822855472564697, "拡張性": 0.6708559989929199, "可用性": 0.6597586870193481, "性能": 0.6472398042678833, "安全性": 0.6001736521720886, "RASIS": 0.5995433330535889, "パフォーマンス": 0.571835458278656, "Reliability": 0.5522085428237915, "Integrity": 0.5501881837844849, "ユーザビリティ": 0.534725546836853, "度合い": 0.5346696972846985, "MTTR": 0.5262922048568726, "品質": 0.5203897953033447, "自由度": 0.511009931564331, "生産性": 0.5099014043807983, "整合性": 0.509721577167511, "Availability": 0.49768632650375366, "ASIL": 0.4969359040260315, "利便性": 0.4945499300956726, "MTBF": 0.4890836477279663, "ソフトウェア品質": 0.4889546036720276, "ハードウェア": 0.47860223054885864, "QoS": 0.47649234533309937, "ソフトウェア": 0.47470417618751526, "スケーラビリティ": 0.4741230010986328, "費用対効果": 0.47374385595321655, "健全性": 0.47127851843833923, "EAL": 0.4651808738708496, "能力": 0.4650162160396576, "キャパシティ": 0.46226635575294495, "Supportability": 0.4583643674850464, "厚生年金保険法": 0.45774632692337036, "精度": 0.4570081830024719, "Measurement": 0.4546584188938141, "エコロジー": 0.4480322599411011, "フェイルセーフ": 0.4466913342475891, "高い": 0.4464429020881653, "レベル": 0.44380056858062744, "ソフトウエア": 0.44368109107017517, "特性": 0.44071710109710693, "信頼度": 0.4392673969268799, "情報システム": 0.4377674460411072, "セキュリティポリシー": 0.4376784563064575, "事業継続マネジメント": 0.4356604516506195, "汎用性": 0.4353066384792328, "高可用性": 0.43489450216293335, "耐久性": 0.43292319774627686, "保守": 0.4318632483482361, "ストレステスト": 0.43107202649116516, "コンポーネント": 0.43092775344848633, "トレーサビリティ": 0.42990803718566895, "重視": 0.42930251359939575, "フォールトトレランス": 0.42837005853652954, "適法性": 0.4270979166030884, "ワークロード": 0.42654168605804443, "品質管理": 0.42348629236221313, "シナリオ": 0.42041242122650146, "向上": 0.42031195759773254, "高まり": 0.41720205545425415, "冗長性": 0.4149182140827179, "故障": 0.4142951965332031, "耐量": 0.4123116135597229, "Robertson": 0.40949076414108276, "SIL": 0.40927886962890625, "開発プロセス": 0.40904542803764343, "アルゴリズム": 0.4061356782913208, "スループット": 0.4052436351776123, "Anja": 0.4047103822231293, "コンプライアンス": 0.40345299243927, "環境負荷": 0.40251094102859497, "アーキテクチャ": 0.4008951187133789, "リスク分析": 0.4005572497844696, "応答時間": 0.4004184603691101, "すり合わせ": 0.39911091327667236, "Requirements": 0.39629989862442017, "必要性": 0.39499443769454956, "稼働率": 0.39456576108932495, "Attribute": 0.39281338453292847, "フレームワーク": 0.3915237486362457, "ノイズ": 0.3913230895996094, "Triple": 0.3905404508113861, "水準": 0.38926368951797485, "メトリックス": 0.3887554109096527, "洞察": 0.3877277970314026, "強度": 0.38702845573425293, "透水": 0.3854687809944153, "EMC": 0.3843177556991577, "Requirement": 0.3825306296348572, "RAID": 0.38226407766342163, "EEE": 0.38118821382522583, "保全": 0.3802165985107422, "最大限": 0.3799301087856293, "高信頼": 0.37970295548439026, "洗練": 0.3794032037258148, "再現性": 0.37918204069137573, "portability": 0.3777773976325989, "指標": 0.37735816836357117, "トレードオフ": 0.37689682841300964, "ハードウエア": 0.3765645921230316, "SOA": 0.3759894371032715, "最高": 0.37577784061431885, "剛性": 0.37399959564208984, "システム": 0.37332332134246826, "一貫性": 0.3729437291622162, "使い勝手": 0.3723028898239136, "構成要件": 0.37203556299209595, "搬性": 0.36982429027557373, "モトローラ": 0.3695434331893921, "Quality": 0.3686632513999939, "リスク": 0.3685925304889679, "Functionality": 0.3678765892982483, "TCO": 0.3675713539123535}}