{"効率性": {"生産性": 0.6744823455810547, "拡張性": 0.6468323469161987, "可用性": 0.6409406065940857, "利便性": 0.600947380065918, "MTTR": 0.5912956595420837, "reliability": 0.5872430205345154, "ユーザビリティ": 0.5728493332862854, "重視": 0.5691199898719788, "スケーラビリティ": 0.5633725523948669, "パフォーマンス": 0.5627009868621826, "度合い": 0.5502358675003052, "向上": 0.5443987846374512, "整合性": 0.5235660672187805, "稼働率": 0.5147370100021362, "厚生年金保険法": 0.5095160007476807, "目標": 0.508293867111206, "運用": 0.5061072707176208, "高まり": 0.5007093548774719, "能力": 0.49797067046165466, "コンプライアンス": 0.4977051019668579, "税制": 0.4886932969093323, "高可用性": 0.4886205494403839, "effectiveness": 0.48449045419692993, "キャパシティ": 0.48362210392951965, "安全性": 0.48105281591415405, "Integrity": 0.47930681705474854, "再利用": 0.4787265956401825, "最大限": 0.47839614748954773, "健全性": 0.4761418402194977, "事業継続マネジメント": 0.47502875328063965, "高める": 0.4739247262477875, "Reliability": 0.47238588333129883, "俊敏": 0.47084787487983704, "確保": 0.46960678696632385, "MTBF": 0.4653822183609009, "制約": 0.4648278057575226, "ストレステスト": 0.46312862634658813, "意識": 0.4582970142364502, "達成": 0.45815619826316833, "Supportability": 0.455442875623703, "図る": 0.4546957314014435, "情報システム": 0.45382291078567505, "両立": 0.45152711868286133, "portability": 0.451421320438385, "問題解決": 0.4510349631309509, "実効": 0.4507693648338318, "国際競争力": 0.45000821352005005, "トレードオフ": 0.44941776990890503, "品質": 0.4493560194969177, "設備投資": 0.44683194160461426, "社会的": 0.44619935750961304, "洞察": 0.4459960460662842, "労力": 0.44576776027679443, "アウトソーシング": 0.444098562002182, "biased": 0.4438949227333069, "複雑性": 0.44162988662719727, "投資効果": 0.4408758282661438, "Anja": 0.44002124667167664, "経済的": 0.43954232335090637, "BCP": 0.4393298923969269, "性能": 0.43735170364379883, "使い勝手": 0.43713921308517456, "保全": 0.43712085485458374, "欠如": 0.4351594150066376, "価値": 0.43380123376846313, "削減": 0.43329787254333496, "図り": 0.43319788575172424, "担保": 0.43311095237731934, "プログラマ": 0.43240129947662354, "レジリエンス": 0.4306837320327759, "競争力": 0.4301513433456421, "マネジメント": 0.42992404103279114, "費用対効果": 0.4253397285938263, "増す": 0.42398571968078613, "RASIS": 0.42384880781173706, "ワークロード": 0.4237503111362457, "持続可能性": 0.42196881771087646, "オペレーション": 0.42082828283309937, "顧客満足度": 0.42080286145210266, "公的年金": 0.4207645654678345, "必要性": 0.4195052981376648, "サプライチェーン": 0.41811078786849976, "収益": 0.4167977571487427, "TFP": 0.4157540500164032, "継続的": 0.41478583216667175, "高め": 0.4145210385322571, "Transparency": 0.41428130865097046, "一貫性": 0.41313716769218445, "FIT": 0.41311508417129517, "保守": 0.4128080904483795, "SLA": 0.409757137298584, "認知": 0.4087579846382141, "PaaS": 0.4082523584365845, "BPR": 0.4077898859977722, "Availability": 0.4076840579509735, "競争": 0.4054531455039978, "搬性": 0.4047951102256775, "B2B": 0.40469640493392944, "優位": 0.40456998348236084, "掛かる": 0.40449196100234985, "Requirement": 0.4030015468597412, "財源": 0.4023497700691223, "洗練": 0.4014964699745178, "改善": 0.4010046422481537, "短縮": 0.40061691403388977, "意思決定": 0.39950665831565857, "高い": 0.3992905020713806, "こうした": 0.3981344401836395, "明確化": 0.3969029486179352, "インフラストラクチャ": 0.39658182859420776, "高まる": 0.39636486768722534, "EMC": 0.3952932059764862, "資する": 0.39528369903564453}}