{"機能性": {"意匠": 0.5420652627944946, "材料": 0.5239090919494629, "セラミックス": 0.5226075053215027, "フィルム": 0.5202596187591553, "成分": 0.507888674736023, "原材料": 0.5051883459091187, "Saxin": 0.49311405420303345, "健康食品": 0.478099524974823, "フッ素系界面活性剤": 0.4646552503108978, "素材": 0.46291446685791016, "食品包装": 0.4469175338745117, "コーティング": 0.44486281275749207, "タビオ": 0.44358646869659424, "接着剤": 0.4428187906742096, "バリア": 0.4398588240146637, "用途": 0.43961453437805176, "インキ": 0.4369828402996063, "物性": 0.4358213245868683, "プラスチック": 0.43523040413856506, "生かし": 0.43278560042381287, "塗料": 0.4319848418235779, "セルロースナノファイバー": 0.43002772331237793, "シーズ": 0.4299964904785156, "テーマ": 0.428788423538208, "方向性": 0.4271612763404846, "林田学": 0.42370671033859253, "CPP": 0.42266756296157837, "ユニチカ": 0.4216892719268799, "最高峰": 0.4216883182525635, "オルニチン": 0.4186365604400635, "塩ビ": 0.41694992780685425, "包装": 0.4163825511932373, "ルミラー": 0.41614481806755066, "蒸着": 0.41540953516960144, "エビデンス": 0.4115728437900543, "エンプラ": 0.4090191125869751, "数々": 0.4089668393135071, "製法": 0.4080691337585449, "特定保健用食品": 0.40614399313926697, "エバール": 0.4056556224822998, "経緯": 0.40364447236061096, "皮膜": 0.40355384349823, "食品": 0.4032456874847412, "医薬品": 0.4031519889831543, "靴下": 0.4030689299106598, "開拓": 0.4028061032295227, "シーリング": 0.4027543067932129, "生理活性": 0.4012683928012848, "ラミネート": 0.40036889910697937, "フッ素樹脂": 0.39999058842658997, "燃性": 0.3997671604156494, "ポリマー": 0.3985602557659149, "PET": 0.39804938435554504, "本書": 0.3964120149612427, "分野": 0.39168882369995117, "今後": 0.39131441712379456, "普及版": 0.3909973204135895, "フイルム": 0.39038965106010437, "エレクトロニクス": 0.390222430229187, "甘味料": 0.39006587862968445, "透明": 0.3893818259239197, "化粧品": 0.3887147009372711, "コンパウンド": 0.3863673806190491, "飲料": 0.3862222135066986, "難燃剤": 0.38535282015800476, "特長": 0.3847976326942444, "日本食品標準成分表": 0.38445204496383667, "耐久性": 0.383664071559906, "フッ素": 0.3832302689552307, "粘着": 0.3816356062889099, "長所": 0.38138502836227417, "フィラー": 0.3810334801673889, "顔料": 0.37986233830451965, "特性": 0.3796389698982239, "外観": 0.37832093238830566, "薬品": 0.3780573606491089, "高分子": 0.3775535821914673, "展望": 0.37666386365890503, "クロメート": 0.3764536380767822, "繊維": 0.3755544126033783, "表面処理": 0.3742772340774536, "農薬": 0.3741350471973419, "材質": 0.37237101793289185, "特徴": 0.37170565128326416, "マテリアル": 0.3715866208076477, "剥離紙": 0.37151533365249634, "壁紙": 0.3714318871498108, "組成": 0.36899417638778687, "ゼオライト": 0.3689625859260559, "バイオ燃料": 0.36835455894470215, "CRIWARE": 0.36787131428718567, "模倣": 0.36682558059692383, "熱伝導": 0.3657907247543335, "編み上げ": 0.3651440739631653, "訴求": 0.364829957485199, "PORON": 0.3645991086959839, "レトルトパウチ": 0.3643673062324524, "脱臭": 0.36287227272987366, "グリース": 0.3628692626953125, "作物": 0.36201372742652893, "無機": 0.36166912317276, "蛍光体": 0.3614228069782257, "はたらき": 0.3613004684448242, "配合": 0.36115479469299316, "接着": 0.36030688881874084, "樹脂": 0.36004936695098877, "有機化合物": 0.3599393367767334, "サラ": 0.3586989641189575, "カタチ": 0.35865655541419983, "藻類": 0.3585338592529297, "バリヤー": 0.35739973187446594, "防臭": 0.3572691082954407, "洗浄剤": 0.3566819131374359, "耐火物": 0.35643279552459717, "潤滑": 0.35626477003097534, "ダイヤモンド": 0.35583171248435974, "植物": 0.35561123490333557}}