{"移植性": {"シェル": 0.6007036566734314, "互換性": 0.5937590003013611, "reliability": 0.5717833638191223, "Bourne": 0.558775007724762, "portability": 0.5249770879745483, "カーネル": 0.5054546594619751, "度合い": 0.504893958568573, "WebLogic": 0.4927108883857727, "呼び出し": 0.4867544174194336, "POSIX": 0.4857523441314697, "Hurd": 0.48309874534606934, "SRS": 0.4813363254070282, "Unix": 0.48013103008270264, "互換": 0.4750763475894928, "grep": 0.47140777111053467, "整合性": 0.47103649377822876, "ファイルシステム": 0.46711981296539307, "コンパイラ": 0.4668791890144348, "オーバーライド": 0.4652833640575409, "make": 0.4639386832714081, "ユーザビリティ": 0.4622732996940613, "代入": 0.4605167806148529, "null": 0.4550929069519043, "拡張性": 0.45508456230163574, "BSD": 0.45499369502067566, "pwd": 0.4549139142036438, "アプレット": 0.4538668394088745, "DWORD": 0.44422274827957153, "disk": 0.44270333647727966, "QoS": 0.43975070118904114, "コンポーネント": 0.43886038661003113, "一貫性": 0.4383663833141327, "Agent": 0.4363618493080139, "UNIX": 0.4361150860786438, "自由度": 0.43575847148895264, "CORBA": 0.43491891026496887, "RASIS": 0.4348840117454529, "サーブレット": 0.4331684112548828, "制約": 0.4320948123931885, "プラットホーム": 0.42880842089653015, "仮想マシン": 0.4284225106239319, "マイクロカーネル": 0.42829036712646484, "属性": 0.4251609444618225, "メソッド": 0.42485660314559937, "Makefile": 0.4243636429309845, "foo": 0.4235592484474182, "ESXi": 0.42352962493896484, "Solaris": 0.4228181838989258, "フラグ": 0.4221853017807007, "フォールトトレランス": 0.42090165615081787, "表記法": 0.4208310842514038, "ブランチ": 0.42037907242774963, "スクリプト言語": 0.41944801807403564, "エンティティ": 0.4194439947605133, "応答時間": 0.418113648891449, "変数": 0.416916161775589, "プロシージャ": 0.4149908721446991, "プログラミング言語": 0.41478443145751953, "引数": 0.4130021631717682, "重複": 0.4111326038837433, "ディストリビューション": 0.4106152355670929, "特権": 0.40992334485054016, "GNU": 0.4091448187828064, "vector": 0.4076331853866577, "NTSConfig": 0.4074903130531311, "ネイティブ": 0.40728744864463806, "flat": 0.4069623053073883, "ASA": 0.4067728519439697, "ハードウェア": 0.4062656760215759, "アクセスコントロールリスト": 0.40601712465286255, "マネージャ": 0.40560925006866455, "ヒアドキュメント": 0.4045277237892151, "Bash": 0.4042357802391052, "搬性": 0.4019036591053009, "割り込み": 0.4018595814704895, "オーバーヘッド": 0.40137895941734314, "interface": 0.4003865122795105, "コンテキスト": 0.40003371238708496, "構文": 0.39907699823379517, "静的": 0.3990292549133301, "principal": 0.3984619677066803, "可用性": 0.39845705032348633, "プログラマ": 0.39721429347991943, "偏り": 0.39644452929496765, "equals": 0.3954616189002991, "再利用": 0.3950174152851105, "String": 0.3946475088596344, "ビルド": 0.39449626207351685, "exit": 0.3933836817741394, "トラジェクトリー": 0.39265456795692444, "Object": 0.3922829031944275, "汎用性": 0.3918963074684143, "apache": 0.39163726568222046, "Reliability": 0.3911549150943756, "スタック": 0.3898947834968567, "ユーザビリティテスト": 0.3877710700035095, "Supportability": 0.3861197233200073, "ロード": 0.38602200150489807, "実装": 0.3851734697818756, "li": 0.3848881125450134, "STL": 0.38473081588745117, "kvm": 0.3845769762992859, "コードベース": 0.38410288095474243, "下位互換": 0.38403555750846863, "コマンドライン": 0.38368478417396545, "SASL": 0.38356322050094604, "マニフェスト": 0.3835446834564209, "コンパイル": 0.38333451747894287, "destroy": 0.3827846646308899}}